{"cameraMode":{"drawMode":0,"name":"Shaded","section":"Shading Mode"},"sceneLighting":true,"audioPlay":false,"sceneViewState":{"m_AlwaysRefresh":false,"showFog":true,"showSkybox":true,"showFlares":true,"showImageEffects":true,"showParticleSystems":true,"showVisualEffectGraphs":true,"m_FxEnabled":true},"in2DMode":false,"pivot":{"x":-3.2586281299591066,"y":0.787071168422699,"z":-2.757744550704956},"rotation":{"x":0.045885153114795688,"y":0.0003402978181838989,"z":0.00042738410411402583,"w":0.9990112781524658},"size":0.9013350605964661,"orthographic":false}